{
  "dashboard": {
    "title": "User Login Anomaly Dashboard",
    "panels": [
      {
        "type": "timeseries",
        "title": "Login Activity Over Time",
        "targets": [
          {
            "expr": "sum(rate(login_events[5m]))",
            "legendFormat": "logins/min"
          }
        ]
      },
      {
        "type": "stat",
        "title": "Anomalous Logins Today",
        "targets": [
          {
            "expr": "sum(login_anomaly{level='high'})"
          }
        ]
      },
      {
        "type": "table",
        "title": "Suspicious Users",
        "targets": [
          {
            "expr": "topk(5, login_anomaly)",
            "legendFormat": "{{user}}"
          }
        ]
      }
    ]
  }
}
